portfolio_id,farm_id,name,partner_longitude,partner_latitude,area
virtualfarmer.portfolio_451,virtualfarmer.farm_1339,Afgunsdam,28.94509110145011,-27.1571895,503.5
virtualfarmer.portfolio_903,virtualfarmer.farm_1357,Ailletta,27.716477819673646,-26.930618,1090.93
virtualfarmer.portfolio_74,virtualfarmer.farm_227,Alpine View,29.6128019276035,-28.7490405,204.38
virtualfarmer.portfolio_980,virtualfarmer.farm_1527,Amsterdam,30.48976244063936,-27.1140435,2021.8
virtualfarmer.portfolio_321,virtualfarmer.farm_1523,Ancona,26.688134716417103,-27.435142499999998,502.61
virtualfarmer.portfolio_617,virtualfarmer.farm_1065,Assen,29.090270433566303,-24.489794500000002,768.29
virtualfarmer.portfolio_887,virtualfarmer.farm_1322,Athole - MJ,30.592580258122815,-26.565526,952.85
virtualfarmer.portfolio_887,virtualfarmer.farm_1321,Athole - Pieter,30.573379955305576,-26.5635575,461.42
virtualfarmer.portfolio_848,virtualfarmer.farm_1263,Barendina,27.78154377518517,-28.695120000000003,684.91
virtualfarmer.portfolio_884,virtualfarmer.farm_1309,Belleek,30.3405000948735,-28.009157000000002,412.08
virtualfarmer.portfolio_83,virtualfarmer.farm_148,Bergspruit,29.18818345600677,-28.619789,1231.628
virtualfarmer.portfolio_882,virtualfarmer.farm_1297,Bethal,28.180450083152856,-27.709268,170.7
virtualfarmer.portfolio_522,virtualfarmer.farm_988,Blaauwboschkom,27.057773305042275,-27.2961775,350.65
virtualfarmer.portfolio_87,virtualfarmer.farm_94,Blaauwdrift,26.717478980021127,-28.0963465,501.473
virtualfarmer.portfolio_160,virtualfarmer.farm_196,Blesbokfontein,29.16331077446934,-26.1234845,4234.702
virtualfarmer.portfolio_521,virtualfarmer.farm_1061,Blinkwater,29.84761181088561,-25.410376,298.88
virtualfarmer.portfolio_979,virtualfarmer.farm_1589,Bloedzuigerspan,25.722911310975817,-26.2405075,911.63
virtualfarmer.portfolio_893,virtualfarmer.farm_1401,Bloemkrans,30.404593783060708,-26.392081,410.42
virtualfarmer.portfolio_716,virtualfarmer.farm_1346,Bloudrif,26.211628343356388,-27.539396500000002,731.28
virtualfarmer.portfolio_97,virtualfarmer.farm_144,Blue Bank,29.538451301847466,-28.491813,850.792
virtualfarmer.portfolio_225,virtualfarmer.farm_1442,Borderland,30.325943334202293,-26.161533499999997,0
virtualfarmer.portfolio_517,virtualfarmer.farm_977,Borneo,25.299342191417377,-26.610716500000002,524.96
virtualfarmer.portfolio_900,virtualfarmer.farm_1394,Boschhoek,29.188087713938447,-24.893929,483.66
virtualfarmer.portfolio_254,virtualfarmer.farm_569,Bosjesspruit,28.837334966620617,-27.020813,364.38
virtualfarmer.portfolio_715,virtualfarmer.farm_1171,Bospad,20.636057246994767,-34.233139,395.61
virtualfarmer.portfolio_884,virtualfarmer.farm_1310,Brakfontein,30.414071200773957,-28.029016499999997,1185.29
virtualfarmer.portfolio_127,virtualfarmer.farm_501,Brakpan,26.29368548849443,-26.586907,247.12
virtualfarmer.portfolio_254,virtualfarmer.farm_568,Brakspruit,28.815913062480867,-26.944983,1376.65
virtualfarmer.portfolio_491,virtualfarmer.farm_864,Brinkshoop,29.886192778921753,-27.672428,1703.04
virtualfarmer.portfolio_99,virtualfarmer.farm_204,Brink-Westeren,29.047678109449656,-28.148374,297.853
virtualfarmer.portfolio_527,virtualfarmer.farm_984,Buffelsdoorns,28.643509507792206,-24.43172,352.96
virtualfarmer.portfolio_127,virtualfarmer.farm_502,Bulfontein,26.379290581423557,-26.2853365,391.39
virtualfarmer.portfolio_453,virtualfarmer.farm_1295,Caledonia,27.751345860664262,-28.687137,957.56
virtualfarmer.portfolio_225,virtualfarmer.farm_583,C Hartman,29.130592916200925,-25.6942325,922.59
virtualfarmer.portfolio_900,virtualfarmer.farm_1395,Claremont,29.169963647396443,-24.9284455,756.07
virtualfarmer.portfolio_225,virtualfarmer.farm_1327,Combrink,29.971182838060507,-26.008681000000003,2153.75
virtualfarmer.portfolio_523,virtualfarmer.farm_1040,Conterberg,29.055690198019803,-24.713381,1390.84
virtualfarmer.portfolio_491,virtualfarmer.farm_866,Craig,29.879602460719152,-27.7479835,402.3
virtualfarmer.portfolio_522,virtualfarmer.farm_995,Crousvlei,27.08709503058524,-27.28508,131.4
virtualfarmer.portfolio_522,virtualfarmer.farm_963,Damplaats,26.773791456742508,-27.480691,319.36
virtualfarmer.portfolio_111,virtualfarmer.farm_181,Deel Drift,29.63723036592547,-28.760426,1052.656
virtualfarmer.portfolio_487,virtualfarmer.farm_930,Deelplaats,28.416229576881427,-28.24353,1490.6
virtualfarmer.portfolio_451,virtualfarmer.farm_1342,Defence,29.009751953118695,-27.1716725,178.03
virtualfarmer.portfolio_325,virtualfarmer.farm_933,De Hoop,28.767625593561007,-27.9269435,755.42
virtualfarmer.portfolio_325,virtualfarmer.farm_931,De Jagersrand -Cornelisrivier,28.827209820177423,-27.803568,458.66
virtualfarmer.portfolio_750,virtualfarmer.farm_1197,De Kriel,24.81871287668292,-29.3609285,1974.42
virtualfarmer.portfolio_91,virtualfarmer.farm_156,De Lelie,28.733312932004345,-27.068023,4190.222
virtualfarmer.portfolio_453,virtualfarmer.farm_842,Delhi  A,27.797552725370636,-28.6606755,1247.566
virtualfarmer.portfolio_901,virtualfarmer.farm_1430,De Paarl,25.958148058357075,-26.1277275,400.85
virtualfarmer.portfolio_534,virtualfarmer.farm_969,Derdekraalpoort,28.979211211972647,-24.5051135,1350.72
virtualfarmer.portfolio_255,virtualfarmer.farm_572,Die Draai,28.8902889041495,-27.038857,615.31
virtualfarmer.portfolio_715,virtualfarmer.farm_1168,Dipka,20.6582138504613,-34.160588000000004,504.68
virtualfarmer.portfolio_883,virtualfarmer.farm_1307,Doorndraai,27.47911624218058,-27.210366999999998,730.837
virtualfarmer.portfolio_550,virtualfarmer.farm_1068,Doornfontein,29.076130436160142,-24.364933,451.51
virtualfarmer.portfolio_321,virtualfarmer.farm_815,Doornhoek,26.707763412271113,-27.1322735,997.19
virtualfarmer.portfolio_320,virtualfarmer.farm_633,Doornknop,26.67003562149409,-27.6187905,1129.87
virtualfarmer.portfolio_892,virtualfarmer.farm_1434,Doornkuil,25.91039079337493,-26.839377,938.3
virtualfarmer.portfolio_95,virtualfarmer.farm_237,Doorn Poort,29.899211157412104,-28.291437000000002,891.466
virtualfarmer.portfolio_892,virtualfarmer.farm_1433,Doornspruit,25.92252161719979,-26.845498,341.906
virtualfarmer.portfolio_325,virtualfarmer.farm_934,Driefontein,28.846841859844815,-27.9179045,414.39
virtualfarmer.portfolio_453,virtualfarmer.farm_845,Dunoon,27.790820234308043,-28.773265,4328.12
virtualfarmer.portfolio_453,virtualfarmer.farm_1622,Dwarsberg,27.83065656410279,-28.784239,226.67
virtualfarmer.portfolio_750,virtualfarmer.farm_1405,Ebenezer,25.09985349260008,-28.114676000000003,279.47
virtualfarmer.portfolio_87,virtualfarmer.farm_93,Eensgevonden,26.47826552040827,-27.995086999999998,323.265
virtualfarmer.portfolio_551,virtualfarmer.farm_1066,Eenzaam,29.177201193546306,-24.472954,340.13
virtualfarmer.portfolio_521,virtualfarmer.farm_978,Elandsdrift,29.221988953347527,-24.9232865,637.07
virtualfarmer.portfolio_880,virtualfarmer.farm_1301,Elandsfontein,29.124108104793848,-25.922401999999998,1799.12
virtualfarmer.portfolio_889,virtualfarmer.farm_1325,Elandskuil,26.80174518083457,-26.3661665,545.66
virtualfarmer.portfolio_225,virtualfarmer.farm_514,Engelschedraai,30.57784339952432,-25.800261,657.48
virtualfarmer.portfolio_323,virtualfarmer.farm_807,Enkeldoorn,26.156556627737224,-27.929250500000002,3165.41
virtualfarmer.portfolio_81,virtualfarmer.farm_133,Erasmus Dam,29.48708407884842,-28.893635500000002,280.205
virtualfarmer.portfolio_453,virtualfarmer.farm_843,Erfdeel,27.793248137316397,-28.5956775,2156.96
virtualfarmer.portfolio_99,virtualfarmer.farm_205,Eureka,29.034195799689826,-28.17352,541.534
virtualfarmer.portfolio_881,virtualfarmer.farm_1305,Excelsior,28.41938822217111,-28.0831365,372.39
virtualfarmer.portfolio_103,virtualfarmer.farm_259,Faure,27.06348890363636,-24.404521000000003,781.825
virtualfarmer.portfolio_848,virtualfarmer.farm_1264,Franshoek,27.755406243431842,-28.595810999999998,987.68
virtualfarmer.portfolio_748,virtualfarmer.farm_1194,Geluk,27.797088418806048,-28.5814115,437.84
virtualfarmer.portfolio_325,virtualfarmer.farm_932,Geluk - Schaapkraal,28.885508359033107,-27.792627500000002,899.58
virtualfarmer.portfolio_225,virtualfarmer.farm_1361,Glender,30.24580462674095,-26.081634,4754.01
virtualfarmer.portfolio_81,virtualfarmer.farm_134,Glen Gray/Bethani,29.45900438386132,-28.84655,619.658
virtualfarmer.portfolio_848,virtualfarmer.farm_1262,Glen Morgan,27.845488135925862,-28.7362425,196.57
virtualfarmer.portfolio_453,virtualfarmer.farm_849,Goede Hoop,27.73497045065367,-28.548038,399.93
virtualfarmer.portfolio_101,virtualfarmer.farm_207,Goedgedacht,28.400331840668432,-27.042018499999998,388.656
virtualfarmer.portfolio_451,virtualfarmer.farm_1344,Goedheid,28.885997662972585,-27.310763,438.22
virtualfarmer.portfolio_903,virtualfarmer.farm_1444,Goudvlakte,27.714533625004925,-26.881386,1259.65
virtualfarmer.portfolio_902,virtualfarmer.farm_1351,Govermentsgrond,26.417784149930597,-26.145409,67.75
virtualfarmer.portfolio_74,virtualfarmer.farm_229,Grobbelaars Kloof,29.778992683112342,-28.685465999999998,1837.984
virtualfarmer.portfolio_202,virtualfarmer.farm_515,Grootkop,30.59528859074176,-25.831364,897.05
virtualfarmer.portfolio_113,virtualfarmer.farm_80,Grootkuil,27.433134429308794,-24.753603,347.222
virtualfarmer.portfolio_93,virtualfarmer.farm_64,Grootpan,28.88368448586037,-26.7764635,619.808
virtualfarmer.portfolio_93,virtualfarmer.farm_60,Grootspruit,28.86927649414993,-26.874000000000002,618.655
virtualfarmer.portfolio_527,virtualfarmer.farm_983,Grootvaley,28.738589849457092,-24.472726,47.55
virtualfarmer.portfolio_423,virtualfarmer.farm_835,Grootvlei,28.349194929036543,-26.785519999999998,441.81
virtualfarmer.portfolio_902,virtualfarmer.farm_1350,Gruisfontein,26.40215663758107,-26.137867,448.71
virtualfarmer.portfolio_900,virtualfarmer.farm_1396,Gruysbank,29.17690677579122,-24.9818155,844.26
virtualfarmer.portfolio_583,virtualfarmer.farm_1048,Haakdoornbult,28.92897322405357,-24.566729,512.95
virtualfarmer.portfolio_750,virtualfarmer.farm_1557,Haakdoorndraai,27.884753391591808,-24.156159000000002,1145.28
virtualfarmer.portfolio_538,virtualfarmer.farm_1037,Haakdoornkuil,28.864606421901346,-24.437901,349.17
virtualfarmer.portfolio_524,virtualfarmer.farm_971,Haardekraal,29.03063975316958,-24.567608,312.75
virtualfarmer.portfolio_255,virtualfarmer.farm_576,Hamelfontein,29.349047645187547,-26.912688,476.76
virtualfarmer.portfolio_902,virtualfarmer.farm_1352,Harmzen,26.42563464278546,-26.1607725,97.26
virtualfarmer.portfolio_886,virtualfarmer.farm_1320,Harrowdale,30.482719155590004,-28.21356,366.36
virtualfarmer.portfolio_522,virtualfarmer.farm_987,Hartbeestkuyl,26.715636395665364,-27.439125,478.88
virtualfarmer.portfolio_451,virtualfarmer.farm_1343,Hattingh,28.8599588331017,-27.312961,355.23
virtualfarmer.portfolio_886,virtualfarmer.farm_1319,Hazeldene,30.419673321239554,-28.122718499999998,323.8
virtualfarmer.portfolio_81,virtualfarmer.farm_1556,Hemsley,29.549003317662752,-28.4890425,548.76
virtualfarmer.portfolio_91,virtualfarmer.farm_157,Hermanusdeel,28.799107275988142,-27.072145,742.21
virtualfarmer.portfolio_895,virtualfarmer.farm_1367,Holgat,26.475783890237594,-26.292654499999998,3047.24
virtualfarmer.portfolio_893,virtualfarmer.farm_1400,Holland,29.899397686888598,-26.7781155,259.71
virtualfarmer.portfolio_489,virtualfarmer.farm_1336,Houtvolop,25.331814050234428,-27.317213000000002,426.516
virtualfarmer.portfolio_535,virtualfarmer.farm_1028,Hulpfontein,29.05404470812808,-24.516401000000002,362.96
virtualfarmer.portfolio_750,virtualfarmer.farm_1259,Idaho,25.27736784456217,-27.833864,1244.44
virtualfarmer.portfolio_99,virtualfarmer.farm_732,India,29.070771073376342,-27.851593,496.86
virtualfarmer.portfolio_721,virtualfarmer.farm_1193,Irrigasie,28.283248990445784,-25.247972,4209.89
virtualfarmer.portfolio_83,virtualfarmer.farm_149,Jagers Rust,29.129450611054708,-28.6071195,904.036
virtualfarmer.portfolio_522,virtualfarmer.farm_967,Johannesrust,26.694028100372677,-27.466877500000002,1093.35
virtualfarmer.portfolio_225,virtualfarmer.farm_896,Joubert FC,27.63195562297483,-28.025475,1696.17
virtualfarmer.portfolio_225,virtualfarmer.farm_584,JP du Preez,29.47633419454146,-25.580539,811.3
virtualfarmer.portfolio_103,virtualfarmer.farm_260,Kaaldraai,27.19417683454288,-24.576998500000002,388.8
virtualfarmer.portfolio_715,virtualfarmer.farm_1166,Kady,20.636057246994767,-34.233139,0
virtualfarmer.portfolio_225,virtualfarmer.farm_794,Kalinkor,30.557875524375902,-25.819175,4409.751
virtualfarmer.portfolio_898,virtualfarmer.farm_1425,Kalkfontein,25.950199513312747,-26.190871,312.7
virtualfarmer.portfolio_979,virtualfarmer.farm_1591,Kalkfontein 77 IO (Port 12),25.950199513312747,-26.190871,364.67
virtualfarmer.portfolio_202,virtualfarmer.farm_517,Kalkkloof,30.528180818695887,-25.882537,1697.31
virtualfarmer.portfolio_87,virtualfarmer.farm_92,Kalkoenkrans,26.768858876024737,-28.1423095,359.276
virtualfarmer.portfolio_352,virtualfarmer.farm_962,Kalkpan,28.85014460064303,-24.899061000000003,1833.89
virtualfarmer.portfolio_898,virtualfarmer.farm_1429,Kalkspruit,26.00186908565898,-26.2945955,1958.41
virtualfarmer.portfolio_520,virtualfarmer.farm_1036,Kalkvalley,29.20964313454467,-24.4304955,1161.88
virtualfarmer.portfolio_884,virtualfarmer.farm_1311,Kankerbos,30.35837966852226,-28.013616499999998,377.4
virtualfarmer.portfolio_484,virtualfarmer.farm_1096,Kareekuil,25.856550978244897,-26.803614500000002,263.42
virtualfarmer.portfolio_321,virtualfarmer.farm_813,Karoodam,26.514569943065695,-27.26687,573.07
virtualfarmer.portfolio_526,virtualfarmer.farm_1046,Klavervalley,29.032707950711377,-24.6107985,1278.53
virtualfarmer.portfolio_83,virtualfarmer.farm_150,Kleine Waterval,29.328906516134726,-28.7142525,165.39
virtualfarmer.portfolio_716,virtualfarmer.farm_1347,Kleinveld,26.222624775930775,-27.5785485,220.19
virtualfarmer.portfolio_160,virtualfarmer.farm_199,Kleinwater,29.03216875204171,-25.8002805,1065.244
virtualfarmer.portfolio_900,virtualfarmer.farm_1407,Kleinwaterfontein,29.374316788429056,-25.179907,400.64
virtualfarmer.portfolio_160,virtualfarmer.farm_200,Klipfontein,29.218526325418996,-25.9571715,466.66
virtualfarmer.portfolio_522,virtualfarmer.farm_966,Klippan,26.790622882331608,-27.3281395,1160.32
virtualfarmer.portfolio_160,virtualfarmer.farm_832,Klipplaat,29.203315805313462,-26.072687000000002,287.53
virtualfarmer.portfolio_111,virtualfarmer.farm_182,Klipplaats Fontein,29.418558263364403,-28.6010665,188.977
virtualfarmer.portfolio_980,virtualfarmer.farm_1525,Klipspruit,30.556506681141713,-27.054375,280.78
virtualfarmer.portfolio_715,virtualfarmer.farm_1161,Kopjes,20.663032143402873,-34.237359999999995,405.8
virtualfarmer.portfolio_451,virtualfarmer.farm_839,Koppie Alleen,29.026774971205384,-27.1821275,365.747
virtualfarmer.portfolio_321,virtualfarmer.farm_814,Kransfontein,26.503031821986358,-27.3336435,715.36
virtualfarmer.portfolio_892,virtualfarmer.farm_1432,Kreekuil,25.949786787923536,-26.837257,520.86
virtualfarmer.portfolio_160,virtualfarmer.farm_1348,Kromdraai,29.056195262063923,-25.7968705,497.63
virtualfarmer.portfolio_880,virtualfarmer.farm_1304,Kromfontein,29.246148151671896,-26.1193325,574.92
virtualfarmer.portfolio_111,virtualfarmer.farm_183,Kromme Draai,29.357666674503136,-28.692523,246.053
virtualfarmer.portfolio_980,virtualfarmer.farm_1524,Langgewacht,30.537396386269045,-27.113571,590.73
virtualfarmer.portfolio_715,virtualfarmer.farm_1167,Langklip,20.631018294079134,-34.254076,303.44
virtualfarmer.portfolio_451,virtualfarmer.farm_836,La Rochelle,29.025414708246235,-27.100271499999998,422.18
virtualfarmer.portfolio_99,virtualfarmer.farm_698,Leeupoort,29.007546037353915,-27.8646095,3528.89
virtualfarmer.portfolio_895,virtualfarmer.farm_1409,Leeuwfontein,26.356314726700255,-26.337854999999998,63.76
virtualfarmer.portfolio_882,virtualfarmer.farm_1296,Leliesrus,28.180997814308,-27.719133499999998,272.72
virtualfarmer.portfolio_884,virtualfarmer.farm_1312,Leominster,29.82852302561973,-28.028951499999998,659.44
virtualfarmer.portfolio_887,virtualfarmer.farm_1323,Liefgekozen,30.36444937213586,-26.406875499999998,1110.12
virtualfarmer.portfolio_68,virtualfarmer.farm_256,Lindeques Laager,29.450845030987164,-28.836015,219.707
virtualfarmer.portfolio_453,virtualfarmer.farm_1293,Load Star,27.76057056814436,-28.6633825,440.02
virtualfarmer.portfolio_107,virtualfarmer.farm_85,Lomagundi,26.374585314528847,-27.418999499999998,3089.894
virtualfarmer.portfolio_83,virtualfarmer.farm_151,Loskop,29.2301846198044,-28.6390755,621.371
virtualfarmer.portfolio_352,virtualfarmer.farm_863,Loskop Noord,29.26433675467986,-25.060671,298.88
virtualfarmer.portfolio_518,virtualfarmer.farm_974,Loskop Suid,29.404053993392303,-25.326771,124.26
virtualfarmer.portfolio_898,virtualfarmer.farm_1424,Loslapdoorns,25.948389362243333,-26.2508285,1068.47
virtualfarmer.portfolio_518,virtualfarmer.farm_976,Lot 9,25.219915310352217,-27.177773000000002,278.74
virtualfarmer.portfolio_74,virtualfarmer.farm_230,Lot A 4 A Winterton Settlement,29.52110430579483,-28.796697,146.747
virtualfarmer.portfolio_74,virtualfarmer.farm_231,Lot A 4 B Winterton Settlement,29.51277272971614,-28.8035255,21.079
virtualfarmer.portfolio_884,virtualfarmer.farm_1313,Lusienne,30.376426236890886,-28.003043499999997,191.21
virtualfarmer.portfolio_453,virtualfarmer.farm_1292,Lusthof,27.779936341986456,-28.6567335,197.94
virtualfarmer.portfolio_423,virtualfarmer.farm_834,Malanskraal,28.396761331580343,-26.693429000000002,926.94
virtualfarmer.portfolio_127,virtualfarmer.farm_504,Malgasfontein,26.286484759753087,-26.441097499999998,1782.02
virtualfarmer.portfolio_453,virtualfarmer.farm_844,Mercedes,27.70541236666461,-28.572552,479.16
virtualfarmer.portfolio_524,virtualfarmer.farm_970,Merriekuil,29.08631657884019,-24.4708925,424.31
virtualfarmer.portfolio_321,virtualfarmer.farm_810,Middelburg,26.482257902333252,-27.208067,683.93
virtualfarmer.portfolio_880,virtualfarmer.farm_1299,Middeldrif,29.253637706898267,-26.140772,608.52
virtualfarmer.portfolio_91,virtualfarmer.farm_158,Middelpan,28.371993601087844,-26.981223,1077.728
virtualfarmer.portfolio_451,virtualfarmer.farm_838,Moeilikheid,29.020452003682397,-27.162872,105.2
virtualfarmer.portfolio_451,virtualfarmer.farm_837,Mooibult,29.00745611069751,-27.090179,612.16
virtualfarmer.portfolio_533,virtualfarmer.farm_982,Mooigelegen,29.013724429499945,-24.5090765,470.66
virtualfarmer.portfolio_903,virtualfarmer.farm_1360,Mooikraal,27.723250324478613,-26.95897,930.41
virtualfarmer.portfolio_489,virtualfarmer.farm_1335,Mooilaagte,25.311887377703435,-27.313482,618.13
virtualfarmer.portfolio_91,virtualfarmer.farm_159,Mooipan,28.660564327437747,-26.967999499999998,418.163
virtualfarmer.portfolio_453,virtualfarmer.farm_846,Morgenzon,27.902066559471464,-28.8048425,1625.13
virtualfarmer.portfolio_93,virtualfarmer.farm_62,Mount,28.93893201187268,-26.821103,232.372
virtualfarmer.portfolio_453,virtualfarmer.farm_840,Mount Present,27.86241700144735,-28.5940385,256.87
virtualfarmer.portfolio_101,virtualfarmer.farm_208,Muirton,28.457433171610354,-27.007683999999998,1204.99
virtualfarmer.portfolio_202,virtualfarmer.farm_518,Ndubazi Ranch,30.457958169421488,-25.8357405,52.34
virtualfarmer.portfolio_83,virtualfarmer.farm_152,Newcastle,29.088198107729934,-28.6048805,868.277
virtualfarmer.portfolio_886,virtualfarmer.farm_1318,Nhlanhleni,30.45129245413756,-28.181257000000002,447.83
virtualfarmer.portfolio_891,virtualfarmer.farm_1329,Niekerksrust,25.194676529375723,-27.3124205,331.47
virtualfarmer.portfolio_111,virtualfarmer.farm_184,Nineveh,29.396445774095515,-28.6173545,1270.596
virtualfarmer.portfolio_487,virtualfarmer.farm_929,Nonnashoek,28.38413833556487,-28.243913499999998,384.14
virtualfarmer.portfolio_81,virtualfarmer.farm_135,Noodhulp,29.547310280986785,-28.853306,361.067
virtualfarmer.portfolio_74,virtualfarmer.farm_831,Nooitgedacht,29.566775655234657,-28.783748000000003,299.18
virtualfarmer.portfolio_87,virtualfarmer.farm_91,Ongegund,27.085257886891966,-28.0894475,1.756
virtualfarmer.portfolio_225,virtualfarmer.farm_764,Oosthuizen,26.90810072522647,-28.901481500000003,2865.44
virtualfarmer.portfolio_884,virtualfarmer.farm_1314,Ouwklip,30.375897008620683,-28.03861,521.63
virtualfarmer.portfolio_127,virtualfarmer.farm_505,Palmietfontein,26.315569094267293,-26.5280035,154.66
virtualfarmer.portfolio_750,virtualfarmer.farm_1260,Peace Haven,25.13148103432208,-28.038642,972.29
virtualfarmer.portfolio_715,virtualfarmer.farm_1163,Piet Koppies,20.672535272310547,-34.2271255,600.09
virtualfarmer.portfolio_893,virtualfarmer.farm_1404,Pietzyndrift,29.879925511975458,-26.817264,346.87
virtualfarmer.portfolio_254,virtualfarmer.farm_567,Platkop,28.900014872289155,-26.960492000000002,141.15
virtualfarmer.portfolio_750,virtualfarmer.farm_1406,Pontplaats,25.13094935965274,-27.9983835,1728.85
virtualfarmer.portfolio_322,virtualfarmer.farm_806,Port Wine,25.530157044427973,-27.713507,2267.96
virtualfarmer.portfolio_903,virtualfarmer.farm_1354,Prospect,27.7077683546079,-26.885199,1892
virtualfarmer.portfolio_287,virtualfarmer.farm_601,Rhenosterfontein,27.86645165488863,-24.563833,1441.82
virtualfarmer.portfolio_85,virtualfarmer.farm_49,Rietfontein,27.494413583102414,-24.8346795,371.147
virtualfarmer.portfolio_898,virtualfarmer.farm_1427,Rietkolk,25.714696451036644,-26.2452525,213.17
virtualfarmer.portfolio_884,virtualfarmer.farm_1317,Rietvlei,30.405817369919518,-28.068482500000002,222.61
virtualfarmer.portfolio_904,virtualfarmer.farm_1443,Rietvly,26.31193887204678,-26.306649999999998,567.59
virtualfarmer.portfolio_893,virtualfarmer.farm_1402,Rolfontein,29.955384133589888,-26.940048500000003,1131.19
virtualfarmer.portfolio_750,virtualfarmer.farm_1196,Roodedam,24.77085330240137,-29.340829,1571.29
virtualfarmer.portfolio_95,virtualfarmer.farm_238,Roode Poort,29.95423266512104,-28.3216455,1809.871
virtualfarmer.portfolio_781,virtualfarmer.farm_1226,Roodepoortje,26.524802383506184,-26.1182135,203.11
virtualfarmer.portfolio_537,virtualfarmer.farm_1043,Roodesloot,29.090076763741116,-24.38321,343.17
virtualfarmer.portfolio_535,virtualfarmer.farm_1030,Rooipan,28.876577985454652,-24.51119,940.01
virtualfarmer.portfolio_225,virtualfarmer.farm_765,Rooted 77,27.853249434399522,-28.5107575,2791.07
virtualfarmer.portfolio_535,virtualfarmer.farm_1029,Rotterdam,28.879541867325734,-24.566815,382.31
virtualfarmer.portfolio_74,virtualfarmer.farm_232,Rustenburg,29.59634115419652,-28.767580000000002,1016.14
virtualfarmer.portfolio_254,virtualfarmer.farm_566,Rusticana,28.914070745888157,-26.9836855,1608.99
virtualfarmer.portfolio_903,virtualfarmer.farm_1356,Salmonsrus,27.699132378231162,-26.913636,824.42
virtualfarmer.portfolio_903,virtualfarmer.farm_1353,Schuttespos,27.645333228799437,-26.870945499999998,399.99
virtualfarmer.portfolio_537,virtualfarmer.farm_1041,Springhaanslaagte,29.018429598218226,-24.5867075,498.79
virtualfarmer.portfolio_160,virtualfarmer.farm_202,Steenkoolspruit,29.260261962037937,-26.090074,1491.76
virtualfarmer.portfolio_881,virtualfarmer.farm_1306,Sterkfontein,28.42476509777268,-28.0730385,496.98
virtualfarmer.portfolio_521,virtualfarmer.farm_981,Strydkraal,29.722685635310317,-24.504538,2351.23
virtualfarmer.portfolio_884,virtualfarmer.farm_1315,Strydom,30.37364153187599,-28.0246945,201.53
virtualfarmer.portfolio_903,virtualfarmer.farm_1359,Swartbult,27.664729881609055,-26.9527985,254.45
virtualfarmer.portfolio_321,virtualfarmer.farm_817,Taaiboschpan,26.68586370702271,-27.3797645,648.78
virtualfarmer.portfolio_451,virtualfarmer.farm_1338,Terra,28.8453744194127,-27.280925500000002,1108.08
virtualfarmer.portfolio_81,virtualfarmer.farm_136,The Gums,29.562042906971918,-28.9358605,300.248
virtualfarmer.portfolio_453,virtualfarmer.farm_1294,The Willows,27.76712203973116,-28.670662,432.17
virtualfarmer.portfolio_715,virtualfarmer.farm_1170,Tierkraans,20.66430532036297,-34.258371,431.05
virtualfarmer.portfolio_902,virtualfarmer.farm_1349,Twee Buffels,26.44383553870442,-26.1638145,1407.85
virtualfarmer.portfolio_255,virtualfarmer.farm_574,Tweedronk,29.456028408943745,-26.8793065,134.22
virtualfarmer.portfolio_491,virtualfarmer.farm_865,Tweefontein,29.89501624962054,-27.704082999999997,173.17
virtualfarmer.portfolio_127,virtualfarmer.farm_506,Uitkyk,26.408536477462114,-26.2651,342.65
virtualfarmer.portfolio_537,virtualfarmer.farm_1045,Uitzicht,29.25279608222459,-24.4442075,2725.85
virtualfarmer.portfolio_321,virtualfarmer.farm_816,Ulster,26.536867618828452,-27.2688435,453.63
virtualfarmer.portfolio_127,virtualfarmer.farm_507,Vaalbank,26.43274904083528,-26.3842065,1207.25
virtualfarmer.portfolio_682,virtualfarmer.farm_1127,Vaal-Harts Settlement A,24.77055884890656,-27.644410999999998,771.42
virtualfarmer.portfolio_720,virtualfarmer.farm_1174,Vaal-Harts Settlement B,24.76690012529002,-28.012076,64.19
virtualfarmer.portfolio_101,virtualfarmer.farm_209,Van Reenens Kop,28.467058230764398,-27.083160499999998,2532.628
virtualfarmer.portfolio_489,virtualfarmer.farm_1445,Vechtvallei,25.072067440031823,-27.419725999999997,299.49
virtualfarmer.portfolio_319,virtualfarmer.farm_666,Veeplaats,29.57077305914494,-24.5478505,3569.89
virtualfarmer.portfolio_255,virtualfarmer.farm_570,Vellingkraal,28.865771002813254,-26.9836545,866.34
virtualfarmer.portfolio_880,virtualfarmer.farm_1298,Vlaklaagte,29.1640735064464,-25.9898065,173.12
virtualfarmer.portfolio_895,virtualfarmer.farm_1368,Vogelstruisknop,26.428687172784354,-26.313408000000003,701.29
virtualfarmer.portfolio_523,virtualfarmer.farm_1038,Vogelstruispan,28.866162130016583,-24.594633,112.71
virtualfarmer.portfolio_91,virtualfarmer.farm_160,Vrede,28.773938841598024,-27.0372525,315.055
virtualfarmer.portfolio_202,virtualfarmer.farm_519,Vygeboom,30.646630254716424,-25.897143,538.74
virtualfarmer.portfolio_782,virtualfarmer.farm_1227,Wachteenbietjesdraai,27.40543990362575,-24.674879,164.61
virtualfarmer.portfolio_715,virtualfarmer.farm_1169,Wankie,20.71953425385413,-34.1613925,362.05
virtualfarmer.portfolio_323,virtualfarmer.farm_809,Welgemeend,25.949810168576462,-27.73288,1027.53
virtualfarmer.portfolio_900,virtualfarmer.farm_1398,Welgevonden,29.866908378415854,-25.4277665,526.4
virtualfarmer.portfolio_324,virtualfarmer.farm_805,Welkom,26.474084345326908,-28.008762500000003,145.43
virtualfarmer.portfolio_522,virtualfarmer.farm_964,Welmansrus,26.783557327000107,-27.393887,1669.82
virtualfarmer.portfolio_451,virtualfarmer.farm_1337,Welstand,29.034489037744237,-27.1986395,342.06
virtualfarmer.portfolio_255,virtualfarmer.farm_575,Weltevreden,29.385498792541064,-26.886848,911.24
virtualfarmer.portfolio_74,virtualfarmer.farm_236,Wildeperdevlei,29.44377248505097,-28.784652,1559.06
virtualfarmer.portfolio_716,virtualfarmer.farm_1173,Willows,26.229914740882435,-27.547208,764.97
virtualfarmer.portfolio_93,virtualfarmer.farm_61,Witnek,28.94227385029756,-26.7427895,376.427
virtualfarmer.portfolio_321,virtualfarmer.farm_811,Wyoming,26.487754262238198,-27.227512500000003,230.92
virtualfarmer.portfolio_320,virtualfarmer.farm_632,Zaaiplaats,26.658041306494297,-27.651163,1010.69
virtualfarmer.portfolio_93,virtualfarmer.farm_63,Zandbaken,28.993507980015448,-26.78141,1384.309
virtualfarmer.portfolio_550,virtualfarmer.farm_1067,Zandsloot,29.122583209047484,-24.408727499999998,235.78
virtualfarmer.portfolio_518,virtualfarmer.farm_975,Zorgvliet,25.231517358551795,-27.2675315,598.28
